{"stats":{"minecraft:dropped":{"minecraft:golden_boots":2,"minecraft:coast_armor_trim_smithing_template":2,"minecraft:oak_planks":1,"minecraft:jungle_planks":9,"minecraft:wooden_pickaxe":1},"minecraft:crafted":{"minecraft:iron_axe":1,"minecraft:crafting_table":1,"minecraft:stick":12,"minecraft:wooden_pickaxe":1,"minecraft:iron_pickaxe":1,"minecraft:chest":1,"minecraft:jungle_planks":28},"minecraft:used":{"minecraft:iron_axe":10,"minecraft:iron_pickaxe":33,"minecraft:chest":1,"minecraft:wooden_pickaxe":1,"minecraft:torch":1,"minecraft:golden_carrot":6,"minecraft:golden_hoe":15,"minecraft:cobblestone":3,"minecraft:crafting_table":4},"minecraft:killed":{"minecraft:sheep":1,"minecraft:spider":1,"minecraft:iron_golem":1},"minecraft:mined":{"minecraft:hay_block":4,"minecraft:furnace":2,"minecraft:crafting_table":3,"minecraft:gold_block":1,"minecraft:short_grass":2,"minecraft:blast_furnace":1,"minecraft:grass_block":1,"minecraft:dirt_path":3,"minecraft:jungle_log":7,"minecraft:tall_grass":2,"minecraft:cobblestone":3,"minecraft:oak_planks":1,"minecraft:stone":19,"minecraft:sugar_cane":2,"minecraft:oak_leaves":3,"minecraft:fern":1},"minecraft:picked_up":{"minecraft:crafting_table":3,"minecraft:jungle_log":7,"minecraft:torch":1,"minecraft:gold_block":1,"minecraft:jungle_planks":9,"minecraft:blast_furnace":1,"minecraft:golden_boots":1,"minecraft:string":1,"minecraft:dirt":4,"minecraft:coast_armor_trim_smithing_template":2,"minecraft:hay_block":4,"minecraft:iron_ingot":3,"minecraft:sugar_cane":7,"minecraft:mutton":1,"minecraft:oak_planks":2,"minecraft:white_wool":1,"minecraft:cobblestone":22,"minecraft:furnace":2},"minecraft:custom":{"minecraft:time_since_rest":5906,"minecraft:sprint_one_cm":74721,"minecraft:damage_taken":279,"minecraft:walk_one_cm":24555,"minecraft:mob_kills":4,"minecraft:drop":7,"minecraft:damage_dealt":1363,"minecraft:swim_one_cm":26268,"minecraft:interact_with_crafting_table":8,"minecraft:fly_one_cm":123728,"minecraft:talked_to_villager":2,"minecraft:open_chest":16,"minecraft:crouch_one_cm":2126,"minecraft:play_time":41192,"minecraft:sneak_time":764,"minecraft:walk_under_water_one_cm":2525,"minecraft:jump":600,"minecraft:leave_game":1,"minecraft:time_since_death":41192,"minecraft:walk_on_water_one_cm":2846,"minecraft:sleep_in_bed":2,"minecraft:total_world_time":41192,"minecraft:climb_one_cm":32,"minecraft:fall_one_cm":19982}},"DataVersion":3953}