{"stats":{"minecraft:killed":{"minecraft:spider":1},"minecraft:custom":{"minecraft:time_since_rest":9313,"minecraft:sprint_one_cm":58544,"minecraft:damage_taken":249,"minecraft:walk_one_cm":17063,"minecraft:mob_kills":2,"minecraft:drop":3,"minecraft:damage_dealt":283,"minecraft:interact_with_crafting_table":3,"minecraft:swim_one_cm":26268,"minecraft:fly_one_cm":85638,"minecraft:open_chest":7,"minecraft:crouch_one_cm":1770,"minecraft:play_time":30583,"minecraft:sneak_time":563,"minecraft:walk_under_water_one_cm":2525,"minecraft:jump":401,"minecraft:leave_game":1,"minecraft:time_since_death":30583,"minecraft:walk_on_water_one_cm":2846,"minecraft:sleep_in_bed":1,"minecraft:climb_one_cm":32,"minecraft:total_world_time":30583,"minecraft:fall_one_cm":11655},"minecraft:picked_up":{"minecraft:crafting_table":2,"minecraft:jungle_log":7,"minecraft:gold_block":1,"minecraft:blast_furnace":1,"minecraft:golden_boots":1,"minecraft:dirt":4,"minecraft:string":1,"minecraft:hay_block":4,"minecraft:sugar_cane":7,"minecraft:cobblestone":19,"minecraft:furnace":2},"minecraft:crafted":{"minecraft:crafting_table":1,"minecraft:stick":8,"minecraft:wooden_pickaxe":1,"minecraft:iron_pickaxe":1,"minecraft:jungle_planks":28},"minecraft:mined":{"minecraft:hay_block":4,"minecraft:furnace":2,"minecraft:crafting_table":2,"minecraft:gold_block":1,"minecraft:short_grass":2,"minecraft:blast_furnace":1,"minecraft:grass_block":1,"minecraft:dirt_path":3,"minecraft:jungle_log":7,"minecraft:tall_grass":2,"minecraft:stone":19,"minecraft:sugar_cane":2,"minecraft:oak_leaves":3,"minecraft:fern":1},"minecraft:dropped":{"minecraft:golden_boots":2,"minecraft:wooden_pickaxe":1},"minecraft:used":{"minecraft:iron_pickaxe":28,"minecraft:wooden_pickaxe":1,"minecraft:golden_hoe":15,"minecraft:golden_carrot":4,"minecraft:crafting_table":2}},"DataVersion":3953}