{"stats":{"minecraft:killed":{"minecraft:sheep":1,"minecraft:spider":1,"minecraft:iron_golem":1},"minecraft:custom":{"minecraft:time_since_rest":545,"minecraft:sprint_one_cm":64823,"minecraft:damage_taken":249,"minecraft:walk_one_cm":19602,"minecraft:mob_kills":4,"minecraft:drop":3,"minecraft:damage_dealt":1363,"minecraft:talked_to_villager":2,"minecraft:interact_with_crafting_table":4,"minecraft:swim_one_cm":26268,"minecraft:fly_one_cm":99394,"minecraft:open_chest":8,"minecraft:crouch_one_cm":2126,"minecraft:play_time":35831,"minecraft:sneak_time":764,"minecraft:walk_under_water_one_cm":2525,"minecraft:jump":489,"minecraft:leave_game":1,"minecraft:time_since_death":35831,"minecraft:walk_on_water_one_cm":2846,"minecraft:sleep_in_bed":2,"minecraft:climb_one_cm":32,"minecraft:total_world_time":35831,"minecraft:fall_one_cm":14488},"minecraft:picked_up":{"minecraft:crafting_table":3,"minecraft:jungle_log":7,"minecraft:gold_block":1,"minecraft:blast_furnace":1,"minecraft:golden_boots":1,"minecraft:dirt":4,"minecraft:string":1,"minecraft:hay_block":4,"minecraft:iron_ingot":3,"minecraft:sugar_cane":7,"minecraft:mutton":1,"minecraft:white_wool":1,"minecraft:cobblestone":22,"minecraft:furnace":2},"minecraft:crafted":{"minecraft:iron_axe":1,"minecraft:crafting_table":1,"minecraft:stick":8,"minecraft:wooden_pickaxe":1,"minecraft:iron_pickaxe":1,"minecraft:jungle_planks":28},"minecraft:mined":{"minecraft:hay_block":4,"minecraft:furnace":2,"minecraft:crafting_table":3,"minecraft:gold_block":1,"minecraft:short_grass":2,"minecraft:blast_furnace":1,"minecraft:grass_block":1,"minecraft:dirt_path":3,"minecraft:jungle_log":7,"minecraft:tall_grass":2,"minecraft:cobblestone":3,"minecraft:stone":19,"minecraft:sugar_cane":2,"minecraft:oak_leaves":3,"minecraft:fern":1},"minecraft:dropped":{"minecraft:golden_boots":2,"minecraft:wooden_pickaxe":1},"minecraft:used":{"minecraft:iron_axe":9,"minecraft:iron_pickaxe":33,"minecraft:wooden_pickaxe":1,"minecraft:cobblestone":3,"minecraft:golden_hoe":15,"minecraft:golden_carrot":4,"minecraft:crafting_table":3}},"DataVersion":3953}