{"stats":{"minecraft:dropped":{"minecraft:golden_boots":2,"minecraft:oak_planks":1,"minecraft:jungle_planks":9,"minecraft:coast_armor_trim_smithing_template":2,"minecraft:spider_eye":1,"minecraft:wooden_pickaxe":1},"minecraft:crafted":{"minecraft:crafting_table":1,"minecraft:wooden_pickaxe":1,"minecraft:jungle_planks":28,"minecraft:iron_axe":1,"minecraft:stick":12,"minecraft:iron_pickaxe":1,"minecraft:chest":1},"minecraft:used":{"minecraft:flint_and_steel":15,"minecraft:poppy":2,"minecraft:chest":1,"minecraft:wooden_pickaxe":1,"minecraft:torch":1,"minecraft:golden_hoe":15,"minecraft:crafting_table":4,"minecraft:oak_log":1,"minecraft:apple":3,"minecraft:iron_axe":32,"minecraft:iron_pickaxe":45,"minecraft:cobblestone":3,"minecraft:golden_carrot":7},"minecraft:killed":{"minecraft:spider":3,"minecraft:iron_golem":2,"minecraft:sheep":1,"minecraft:zombie":1},"minecraft:mined":{"minecraft:crafting_table":3,"minecraft:short_grass":2,"minecraft:blast_furnace":1,"minecraft:grass_block":1,"minecraft:jungle_log":7,"minecraft:tall_grass":3,"minecraft:cobblestone":3,"minecraft:sugar_cane":3,"minecraft:oak_planks":1,"minecraft:hay_block":4,"minecraft:furnace":2,"minecraft:iron_ore":1,"minecraft:gold_block":1,"minecraft:coal_ore":10,"minecraft:oak_log":1,"minecraft:dirt_path":3,"minecraft:stone":20,"minecraft:oak_leaves":3,"minecraft:fern":1},"minecraft:picked_up":{"minecraft:crafting_table":3,"minecraft:jungle_log":7,"minecraft:gold_block":1,"minecraft:oak_log":1,"minecraft:golden_boots":1,"minecraft:string":5,"minecraft:dirt":4,"minecraft:coast_armor_trim_smithing_template":2,"minecraft:iron_ingot":6,"minecraft:poppy":2,"minecraft:sugar_cane":11,"minecraft:oak_planks":2,"minecraft:furnace":2,"minecraft:raw_iron":1,"minecraft:torch":1,"minecraft:jungle_planks":9,"minecraft:blast_furnace":1,"minecraft:spider_eye":1,"minecraft:hay_block":4,"minecraft:armadillo_scute":1,"minecraft:mutton":1,"minecraft:coal":10,"minecraft:white_wool":1,"minecraft:cobblestone":23},"minecraft:custom":{"minecraft:mob_kills":8,"minecraft:interact_with_crafting_table":11,"minecraft:leave_game":3,"minecraft:time_since_death":62570,"minecraft:sleep_in_bed":3,"minecraft:climb_one_cm":32,"minecraft:time_since_rest":10591,"minecraft:sprint_one_cm":133291,"minecraft:damage_taken":444,"minecraft:walk_one_cm":37833,"minecraft:drop":8,"minecraft:damage_dealt":2891,"minecraft:swim_one_cm":26268,"minecraft:talked_to_villager":2,"minecraft:fly_one_cm":258766,"minecraft:open_chest":21,"minecraft:crouch_one_cm":2847,"minecraft:play_time":62570,"minecraft:sneak_time":1013,"minecraft:walk_under_water_one_cm":2525,"minecraft:jump":1097,"minecraft:walk_on_water_one_cm":4095,"minecraft:total_world_time":62570,"minecraft:fall_one_cm":38524}},"DataVersion":3953}