{"stats":{"minecraft:dropped":{"minecraft:golden_boots":2,"minecraft:coast_armor_trim_smithing_template":2,"minecraft:oak_planks":1,"minecraft:jungle_planks":9,"minecraft:wooden_pickaxe":1},"minecraft:crafted":{"minecraft:iron_axe":1,"minecraft:crafting_table":1,"minecraft:stick":12,"minecraft:wooden_pickaxe":1,"minecraft:iron_pickaxe":1,"minecraft:chest":1,"minecraft:jungle_planks":28},"minecraft:used":{"minecraft:iron_axe":21,"minecraft:poppy":2,"minecraft:iron_pickaxe":45,"minecraft:chest":1,"minecraft:wooden_pickaxe":1,"minecraft:torch":1,"minecraft:golden_carrot":6,"minecraft:golden_hoe":15,"minecraft:cobblestone":3,"minecraft:crafting_table":4},"minecraft:killed":{"minecraft:sheep":1,"minecraft:spider":1,"minecraft:iron_golem":2},"minecraft:mined":{"minecraft:hay_block":4,"minecraft:furnace":2,"minecraft:iron_ore":1,"minecraft:crafting_table":3,"minecraft:gold_block":1,"minecraft:coal_ore":10,"minecraft:short_grass":2,"minecraft:blast_furnace":1,"minecraft:grass_block":1,"minecraft:dirt_path":3,"minecraft:jungle_log":7,"minecraft:tall_grass":2,"minecraft:cobblestone":3,"minecraft:oak_planks":1,"minecraft:stone":20,"minecraft:sugar_cane":2,"minecraft:oak_leaves":3,"minecraft:fern":1},"minecraft:picked_up":{"minecraft:raw_iron":1,"minecraft:crafting_table":3,"minecraft:jungle_log":7,"minecraft:torch":1,"minecraft:gold_block":1,"minecraft:jungle_planks":9,"minecraft:blast_furnace":1,"minecraft:golden_boots":1,"minecraft:string":1,"minecraft:dirt":4,"minecraft:coast_armor_trim_smithing_template":2,"minecraft:hay_block":4,"minecraft:iron_ingot":6,"minecraft:poppy":2,"minecraft:coal":10,"minecraft:sugar_cane":7,"minecraft:mutton":1,"minecraft:oak_planks":2,"minecraft:white_wool":1,"minecraft:cobblestone":23,"minecraft:furnace":2},"minecraft:custom":{"minecraft:time_since_rest":15869,"minecraft:sprint_one_cm":86976,"minecraft:damage_taken":319,"minecraft:walk_one_cm":28309,"minecraft:mob_kills":5,"minecraft:drop":7,"minecraft:damage_dealt":2333,"minecraft:swim_one_cm":26268,"minecraft:interact_with_crafting_table":8,"minecraft:fly_one_cm":143326,"minecraft:talked_to_villager":2,"minecraft:open_chest":17,"minecraft:crouch_one_cm":2554,"minecraft:play_time":51155,"minecraft:sneak_time":891,"minecraft:walk_under_water_one_cm":2525,"minecraft:jump":702,"minecraft:leave_game":2,"minecraft:time_since_death":51155,"minecraft:walk_on_water_one_cm":2881,"minecraft:sleep_in_bed":2,"minecraft:total_world_time":51155,"minecraft:climb_one_cm":32,"minecraft:fall_one_cm":22635}},"DataVersion":3953}