{"stats":{"minecraft:killed":{"minecraft:spider":1},"minecraft:custom":{"minecraft:open_chest":4,"minecraft:time_since_rest":6583,"minecraft:crouch_one_cm":339,"minecraft:play_time":6583,"minecraft:sprint_one_cm":4236,"minecraft:damage_taken":190,"minecraft:walk_one_cm":6080,"minecraft:sneak_time":78,"minecraft:walk_under_water_one_cm":2122,"minecraft:mob_kills":1,"minecraft:jump":59,"minecraft:damage_dealt":157,"minecraft:leave_game":1,"minecraft:walk_on_water_one_cm":2417,"minecraft:time_since_death":6583,"minecraft:total_world_time":6583,"minecraft:climb_one_cm":32,"minecraft:swim_one_cm":24083,"minecraft:fly_one_cm":10154,"minecraft:fall_one_cm":1254,"minecraft:interact_with_crafting_table":2},"minecraft:picked_up":{"minecraft:crafting_table":1,"minecraft:jungle_log":7,"minecraft:string":1,"minecraft:sugar_cane":7},"minecraft:crafted":{"minecraft:crafting_table":1,"minecraft:stick":8,"minecraft:wooden_pickaxe":1,"minecraft:jungle_planks":28},"minecraft:mined":{"minecraft:short_grass":2,"minecraft:jungle_log":7,"minecraft:sugar_cane":2,"minecraft:crafting_table":1,"minecraft:fern":1},"minecraft:used":{"minecraft:golden_carrot":2,"minecraft:golden_hoe":7,"minecraft:crafting_table":2,"minecraft:wooden_pickaxe":1}},"DataVersion":3953}